77.0,80.2967,2473.9,1920.0,553.9
89.0,68.266,3283.3,2260.0,1023.3
91.0001,68.266,2900.7,2080.0,820.7
89.0,68.266,3283.3,1850.0,1433.3
71.0,83.5754,3646.0,1920.0,1726.0
119.99999999999999,76.6122,4139.6,1600.0,2539.6
22.0,64.6166,7554.8,2620.0,4934.8
39.0,64.6133,3060.7,2838.23,222.469
89.0,65.6346,3042.9,1170.0,1872.9
63.0,80.6419,5437.2,260.015,5177.19
63.0,80.6419,5437.2,1410.0,4027.2
34.0,87.7301,6252.9,2260.0,3992.9
34.0,87.7301,6252.9,4187.3,2065.6
59.0,72.8031,5403.8,2928.17,2475.63
41.0,70.5235,6634.2,1830.0,4804.2
130.0,66.745,2729.1,1580.0,1149.1
130.0,66.745,2729.1,3078.06,-348.964
140.0,56.8391,3753.1,830.0,2923.1
49.0,65.0742,3394.7,1290.0,2104.7
12.999999999999998,56.3312,7724.3,1780.0,5944.3
71.0,51.1222,4349.9,970.0,3379.9
170.0,51.1222,3885.2,1938.85,1946.35
83.0,55.9945,2905.8,1840.0,1065.8
41.0,48.6895,2287.6,1270.0,1017.6
46.0,67.198,3214.1,270.0,2944.1
46.0,67.198,3214.1,1950.0,1264.1
80.0,66.5487,5112.1,1150.0,3962.1
27.999999999999996,66.5487,6840.9,650.0,6190.9
3.0,95.2057,8222.5,1590.0,6632.5
87.0,86.4531,2425.7,1650.0,775.7
87.0,86.4531,2425.7,2530.0,-104.3
81.0,64.618,2535.2,1250.0,1285.2
81.0,64.618,2535.2,1680.0,855.2
22.0,88.2615,6744.1,610.0,6134.1
53.0,69.0572,4149.7,810.0,3339.7
55.0,88.5778,4515.3,910.0,3605.3
59.99999999999999,88.5778,3626.6,760.0,2866.6
19.0,56.5295,5926.4,240.0,5686.4
12.999999999999998,80.3962,5908.5,1370.0,4538.5
36.0,83.7684,5739.4,1720.0,4019.4
68.0,85.8554,5332.2,4217.28,1114.92
99.00009999999999,84.807,4267.9,1940.0,2327.9
43.0,62.9913,3552.3,1520.0,2032.3
77.0,89.7812,3596.2,2388.54,1207.66
62.0,86.0145,38.5,4666.96,-4628.46
29.999999999999996,62.111,3398.0,2750.0,648.0
92.0001,64.3359,4785.4,1790.0,2995.4
49.0,53.6526,3191.6,1070.0,2121.6
40.0,56.6416,3150.9,1310.0,1840.9
40.0,56.6416,3150.9,2860.0,290.9
119.99999999999999,68.5833,3329.5,1680.0,1649.5
119.99999999999999,68.5833,3329.5,1680.0,1649.5
65.0,62.7682,2985.0,940.0,2045.0
65.0,62.7682,2985.0,2718.31,266.687
27.999999999999996,79.5052,6203.3,260.015,5943.28
34.0,79.5052,6160.4,400.0,5760.4
12.999999999999998,74.1723,7051.6,450.0,6601.6
40.0,68.3927,35.5,2508.46,-2472.96
3.0,61.0981,7623.0,2230.0,5393.0
38.0,57.8945,3069.5,1090.0,1979.5
38.0,57.8945,3069.5,2660.0,409.5
20.0,58.0263,5854.0,1240.0,4614.0
72.0,68.8272,62.2,1220.0,-1157.8
72.0,68.8272,62.2,2838.23,-2776.03
13.999999999999998,50.1294,6915.8,3557.73,3358.07
27.999999999999996,65.0759,2929.6,1660.0,1269.6
47.0,48.6339,2587.8,2150.0,437.8
47.0,48.6339,2587.8,1320.0,1267.8
57.0,67.6215,2958.9,1030.0,1928.9
57.0,67.6215,2958.9,860.0,2098.9
27.0,55.0833,3181.9,1010.0,2171.9
27.999999999999996,43.6921,2882.9,1310.0,1572.9
37.0,50.8609,3306.7,2830.0,476.7
51.00000000000001,83.0194,2898.9,1070.0,1828.9
51.00000000000001,83.0194,2898.9,2790.0,108.9
88.0,69.4434,2954.4,2440.0,514.4
88.0,69.4434,2954.4,1860.0,1094.4
88.0,69.4434,2954.4,2350.0,604.4
88.0,69.4434,2954.4,1430.0,1524.4
1.0,92.2357,5552.2,260.015,5292.19
68.0,63.9404,3051.4,910.0,2141.4
49.0,54.6336,3312.3,1740.0,1572.3
210.0,54.6336,3165.9,2750.0,415.9
69.0,55.7633,2491.2,800.0,1691.2
53.0,77.5119,2843.8,1670.0,1173.8
53.0,77.5119,2843.8,850.0,1993.8
39.0,77.5119,3896.9,1780.0,2116.9
53.0,77.5119,2843.8,2180.0,663.8
18.0,46.0207,7666.1,5836.15,1829.95
35.0,46.0207,5455.7,860.0,4595.7
48.0,87.554,5985.5,950.0,5035.5
59.99999999999999,87.7561,5734.6,3168.0,2566.6
76.0,78.7167,24.4,2230.0,-2205.6
90.0001,75.4174,1917.5,910.0,1007.5
90.0001,75.4174,1917.5,1080.0,837.5
90.0001,75.4174,1917.5,2610.0,-692.5
23.0,75.4174,6782.4,3108.04,3674.36
16.0,66.2939,6331.2,3197.98,3133.22
16.0,66.2939,6331.2,810.0,5521.2
140.0,73.4798,3677.3,2868.21,809.09
140.0,73.4798,3677.3,2370.0,1307.3
45.0,78.5487,5137.2,960.0,4177.2
23.0,91.9119,7026.5,820.0,6206.5
140.0,67.611,4275.3,1750.0,2525.3
25.999999999999996,67.611,6169.4,2778.27,3391.13
150.0,68.8373,631.4,2150.0,-1518.6
150.0,68.8373,631.4,1800.0,-1168.6
150.0,68.8373,631.4,2380.0,-1748.6
100.0,84.0696,6296.5,750.0,5546.5
78.0,45.8185,4207.7,1080.0,3127.7
88.0,45.8185,4153.4,930.0,3223.4
31.0,89.2425,7205.0,450.0,6755.0
88.0,67.4762,3975.8,2298.6,1677.2
88.0,67.4762,3975.8,2748.29,1227.51
44.0,59.0607,4396.9,1500.0,2896.9
93.00009999999999,59.0607,3464.1,2210.0,1254.1
88.0,62.8683,3021.7,1750.0,1271.7
130.0,63.0753,2768.6,1800.0,968.6
33.0,63.0753,4828.2,1950.0,2878.2
42.0,63.0753,4369.5,3048.09,1321.41
33.0,63.0753,4828.2,2140.0,2688.2
33.0,63.0753,4828.2,820.0,4008.2
76.0,70.4455,3279.0,1940.0,1339.0
130.0,73.955,55.8,1360.0,-1304.2
130.0,73.955,55.8,1460.0,-1404.2
59.99999999999999,54.8194,4409.2,1080.0,3329.2
40.0,97.2295,8174.4,3467.79,4706.61
55.99999999999999,68.6774,3261.7,660.0,2601.7
45.0,66.2015,3075.1,980.0,2095.1
64.0,71.8892,2884.5,1960.0,924.5
33.0,71.8892,6813.6,780.0,6033.6
64.0,71.8892,2884.5,1200.0,1684.5
64.0,71.8892,2884.5,990.0,1894.5
70.0,61.3059,2523.2,1270.0,1253.2
70.0,61.3059,2523.2,910.0,1613.2
53.0,61.3059,4535.2,1590.0,2945.2
67.0,58.631,2667.2,1350.0,1317.2
200.0,58.211,3013.8,2640.0,373.8
200.0,58.211,3013.8,2960.0,53.8
24.0,52.078,5307.9,2860.0,2447.9
1.0,47.1673,10445.3,4517.07,5928.23
82.0,47.1023,2934.0,950.0,1984.0
82.0,47.1023,2934.0,1030.0,1904.0
85.0,55.3403,3238.7,1960.0,1278.7
110.0,55.3403,2939.7,1030.0,1909.7
19.0,55.9842,7293.4,1720.0,5573.4
43.0,55.9842,3937.5,2748.29,1189.21
10.0,53.4971,6933.0,3587.71,3345.29
24.0,53.4971,5948.8,4067.38,1881.42
31.0,78.5518,6210.0,4906.8,1303.2
17.0,78.5518,7199.3,5926.09,1273.21
29.999999999999996,65.3398,5905.5,1310.0,4595.5
37.0,33.1788,3238.9,2550.0,688.9
65.0,7.82191,3518.5,1290.0,2228.5
12.0,13.7086,7687.3,820.0,6867.3
43.0,15.8557,3415.3,1160.0,2255.3
29.0,15.8557,5322.6,1540.0,3782.6
51.00000000000001,54.4741,6074.9,2598.4,3476.5
17.0,26.8711,5628.2,1180.0,4448.2
17.0,26.8711,5628.2,1380.0,4248.2
71.0,26.8711,2134.9,2340.0,-205.1
40.0,18.5131,2558.0,1230.0,1328.0
1.0,40.0556,13566.3,5026.72,8539.58
25.999999999999996,52.9602,5839.3,1150.0,4689.3
65.0,52.9602,3547.7,1050.0,2497.7
33.0,52.9602,5035.4,470.0,4565.4
45.0,25.9811,4093.2,1210.0,2883.2
17.0,21.1481,5721.6,2070.0,3651.6
14.999999999999998,16.9171,2403.0,1980.0,423.0
24.0,8.75,4574.7,1240.0,3334.7
170.0,44.0475,3848.8,2550.0,1298.8
170.0,44.0475,3848.8,2610.0,1238.8
23.0,87.4821,7165.2,4067.38,3097.82
22.0,80.4433,7126.9,4547.05,2579.85
43.0,89.3339,4402.6,250.0,4152.6
59.99999999999999,46.0065,3455.3,560.0,2895.3
31.0,46.0065,4020.9,1250.0,2770.9
82.0,46.0065,2936.9,840.0,2096.9
55.0,46.0065,3640.6,800.0,2840.6
70.0,19.6452,3253.9,980.0,2273.9
70.0,19.6452,3253.9,1290.0,1963.9
73.0,14.0001,2958.9,1300.0,1658.9
37.0,29.1519,3574.9,1110.0,2464.9
37.0,29.1519,3574.9,800.0,2774.9
37.0,29.1519,3574.9,900.0,2674.9
37.0,29.1519,3574.9,2238.65,1336.25
63.0,47.608,3568.6,2000.0,1568.6
79.0,47.608,3521.7,1890.0,1631.7
63.0,47.608,3568.6,2568.42,1000.18
42.0,52.1462,4752.0,1878.89,2873.11
39.0,52.1462,4911.8,2210.0,2701.8
12.0,46.4347,7053.1,4876.82,2176.28
37.0,24.7791,3670.8,1080.0,2590.8
36.0,24.7791,3783.6,1940.0,1843.6
92.0001,48.1043,3425.6,1550.0,1875.6
150.0,48.1043,2611.8,1700.0,911.8
20.0,65.672,6403.5,3287.92,3115.58
14.999999999999998,65.672,7609.9,4487.09,3122.81
20.0,65.672,6403.5,2500.0,3903.5
11.0,47.2679,7472.3,2980.0,4492.3
19.0,85.6129,6649.6,1090.0,5559.6
150.0,69.049,3435.5,2140.0,1295.5
25.999999999999996,52.9801,3310.5,610.0,2700.5
1.0,93.479,2332.1,680.0,1652.1
1.0,93.479,2332.1,4636.99,-2304.89
41.0,93.479,3334.9,1590.0,1744.9
67.0,30.8344,3024.9,1090.0,1934.9
25.0,30.8344,3595.8,1730.0,1865.8
43.0,45.3486,3102.7,2030.0,1072.7
19.0,26.2397,4877.7,4666.96,210.736
55.99999999999999,9.34601,3444.4,2160.0,1284.4
35.0,30.7515,4462.5,1280.0,3182.5
39.0,24.0055,4052.3,1220.0,2832.3
25.999999999999996,24.0055,5548.8,940.0,4608.8
57.0,53.2185,3206.6,1190.0,2016.6
19.0,53.2185,5087.8,1320.0,3767.8
23.0,53.2185,4794.6,1860.0,2934.6
49.0,37.958,3291.1,2568.42,722.683
32.0,37.958,3814.6,1210.0,2604.6
29.999999999999996,37.958,4412.3,2730.0,1682.3
22.0,100.0,6003.4,1690.0,4313.4
39.0,44.2362,4092.3,1700.0,2392.3
21.0,23.8533,5237.4,1910.0,3327.4
29.0,46.1316,3835.3,790.0,3045.3
74.0,47.671,3369.7,1660.0,1709.7
48.0,47.671,3553.4,1890.0,1663.4
27.999999999999996,47.671,4276.4,2290.0,1986.4
27.999999999999996,38.9668,4276.4,2180.0,2096.4
49.0,28.364,2905.8,1000.0,1905.8
33.0,21.9988,2727.0,2070.0,657.0
12.0,21.9988,5932.3,1550.0,4382.3
19.0,16.7593,2969.2,1790.0,1179.2
19.0,16.7593,2969.2,2250.0,719.2
200.0,16.7593,3327.1,2420.0,907.1
40.0,25.4494,3432.6,1210.0,2222.6
14.999999999999998,29.3796,6088.1,2730.0,3358.1
1.0,29.3796,4453.0,2868.21,1584.79
280.0,14.9103,3075.4,1180.0,1895.4
77.0,42.8243,3357.4,2600.0,757.4
1.0,61.6177,4835.8,4037.4,798.4
91.0001,61.6177,4003.1,2190.0,1813.1
90.0001,15.4516,3269.3,280.0,2989.3
90.0001,25.9434,3269.3,2040.0,1229.3
29.0,25.9434,4772.7,1140.0,3632.7
33.0,25.9434,2772.6,2190.0,582.6
85.0,25.9434,2349.6,790.0,1559.6
70.0,41.5375,4272.8,840.0,3432.8
85.0,19.7016,2349.6,2190.0,159.6
34.0,19.7016,4911.1,800.0,4111.1
12.999999999999998,26.4353,5472.5,4367.17,1105.33
80.0,26.4353,3362.8,2370.0,992.8
73.0,13.4704,3526.5,2510.0,1016.5
68.0,33.9155,2822.5,780.0,2042.5
38.0,31.3105,5127.2,1100.0,4027.2
45.0,21.591,3689.0,6225.89,-2536.89
14.999999999999998,17.3716,6974.4,760.0,6214.4
25.999999999999996,32.9555,5639.6,3947.46,1692.14
6.999999999999999,21.039,8436.5,4157.32,4279.18
94.0001,21.039,3154.2,1240.0,1914.2
1.0,25.3507,1398.2,1330.0,68.2
1.0,17.4949,1398.2,2190.0,-791.8
63.0,17.4949,4306.4,1630.0,2676.4
22.0,17.4949,5725.1,1580.0,4145.1
51.00000000000001,17.4949,4007.7,3827.55,180.155
65.0,17.4949,3010.8,2680.0,330.8
38.0,24.7998,4481.6,2010.0,2471.6
95.0001,24.705,3672.8,1700.0,1972.8
35.0,24.705,4572.7,2928.17,1644.53
88.0,50.7536,3736.2,2718.31,1017.89
140.0,48.8815,3042.6,2778.27,264.328
16.0,48.8815,5559.4,1340.0,4219.4
44.0,41.9506,3802.7,1050.0,2752.7
44.0,41.9506,3802.7,1360.0,2442.7
19.0,17.764,4927.8,4127.34,800.462
25.999999999999996,28.4145,5312.3,1220.0,4092.3
38.0,46.215,2995.3,2100.0,895.3
39.0,46.215,3095.6,1470.0,1625.6
39.0,46.215,3095.6,1350.0,1745.6
40.0,51.0225,3328.7,2658.35,670.345
47.0,51.0225,4052.3,800.0,3252.3
98.0001,51.0225,4535.0,1130.0,3405.0
35.0,27.8022,5305.8,980.0,4325.8
39.0,31.9036,5140.8,1010.0,4130.8
77.0,55.8787,2518.8,650.0,1868.8
58.0,55.8787,4412.1,1870.0,2542.1
31.0,55.8787,4730.5,930.0,3800.5
16.0,23.0334,7349.0,1800.0,5549.0
10.0,23.0334,7885.7,1470.0,6415.7
57.0,23.1318,4553.0,1150.0,3403.0
27.999999999999996,19.9885,4177.4,1240.0,2937.4
54.0,15.4796,2655.8,1620.0,1035.8
110.0,27.7491,2627.5,1370.0,1257.5
37.0,52.5474,4318.4,1420.0,2898.4
71.0,34.6739,3913.5,2658.35,1255.15
61.0,18.8121,3396.9,1360.0,2036.9
77.0,85.3001,3162.4,1630.0,1532.4
32.0,32.1296,4291.9,3587.71,704.188
16.0,89.9866,5625.9,2120.0,3505.9
38.0,46.8315,5203.9,1210.0,3993.9
34.0,44.842,2873.1,2120.0,753.1
18.0,23.4439,6057.2,1740.0,4317.2
16.0,20.0979,8465.1,3018.11,5446.99
24.0,25.474,5566.6,2840.0,2726.6
54.0,25.474,2964.9,1300.0,1664.9
37.0,25.474,4478.5,1300.0,3178.5
20.0,25.474,5018.3,7604.93,-2586.63
51.99999999999999,75.174,3523.2,2958.15,565.052
59.0,98.2415,2724.8,540.0,2184.8
40.0,72.4403,5203.2,850.0,4353.2
59.0,66.6316,2724.8,1270.0,1454.8
57.0,60.6253,4483.9,980.0,3503.9
27.0,39.9807,7898.9,4217.28,3681.62
17.0,40.7141,7420.8,4217.28,3203.52
49.0,60.5285,3850.0,2560.0,1290.0
47.0,60.5285,4460.1,2670.0,1790.1
34.0,73.4374,4463.0,2418.52,2044.48
34.0,83.8512,5728.4,1990.0,3738.4
20.0,94.2099,7650.4,1938.85,5711.55
73.0,80.3186,3192.3,1030.0,2162.3
23.0,83.7007,5741.7,3467.79,2273.91
34.0,61.8884,4780.1,330.0,4450.1
34.0,64.724,3773.9,1100.0,2673.9
19.0,65.7036,8153.1,2190.0,5963.1
51.00000000000001,65.7036,3112.8,2650.0,462.8
51.99999999999999,86.433,4883.5,230.0,4653.5
119.99999999999999,86.433,3925.6,750.0,3175.6
93.00009999999999,74.7613,2088.1,1160.0,928.1
51.00000000000001,74.7613,5067.4,2778.27,2289.13
13.999999999999998,72.9741,7987.3,780.0,7207.3
22.0,59.6664,3644.2,1150.0,2494.2
29.999999999999996,50.9782,4895.2,1710.0,3185.2
51.99999999999999,69.347,6010.3,4097.36,1912.94
27.999999999999996,65.172,7090.4,2928.17,4162.23
85.0,65.172,68.3,2650.0,-2581.7
51.00000000000001,47.5742,4493.6,6435.74,-1942.14
1.0,53.3069,4467.3,4097.36,369.941
92.0001,53.3069,2833.9,770.0,2063.9
42.0,71.3164,5200.9,3437.82,1763.08
27.0,71.3164,6381.0,4666.96,1714.04
64.0,71.3164,5738.4,3857.52,1880.88
21.0,84.7099,6492.8,2340.0,4152.8
21.0,78.5573,5199.1,1240.0,3959.1
36.0,48.2544,6822.3,1669.04,5153.26
20.0,48.2544,6109.9,4007.42,2102.48
46.0,48.2544,5200.9,3227.96,1972.94
42.0,48.2544,50.5,1450.0,-1399.5
64.0,43.8703,3878.0,2110.0,1768.0
55.99999999999999,53.9839,3200.7,1460.0,1740.7
49.0,90.2135,3497.7,2470.0,1027.7
55.99999999999999,90.2135,3200.7,1910.0,1290.7
31.0,86.4249,4399.6,1060.0,3339.6
33.0,17.4199,4143.5,2510.0,1633.5
33.0,14.7891,4363.8,1280.0,3083.8
29.0,31.3846,3419.6,1600.0,1819.6
36.0,27.25,452.1,7065.3,-6613.2
36.0,27.25,452.1,7065.3,-6613.2
40.0,11.8418,3736.0,1010.0,2726.0
45.0,29.1303,3533.6,1480.0,2053.6
35.0,14.6231,4885.2,2420.0,2465.2
50.0,14.6231,4962.0,2210.0,2752.0
39.0,82.3066,3487.1,1520.0,1967.1
48.0,62.3844,3281.5,2650.0,631.5
59.0,63.4124,3372.4,2660.0,712.4
39.0,64.664,4170.9,2820.0,1350.9
32.0,93.1018,5587.9,3168.0,2419.9
34.0,59.0097,3875.8,1470.0,2405.8
41.0,45.8022,5492.5,1080.0,4412.5
119.99999999999999,52.0939,2895.5,290.0,2605.5
51.00000000000001,61.0655,2925.4,1460.0,1465.4
510.00000000000006,62.2977,4081.8,2510.0,1571.8
74.0,62.2977,2962.8,920.0,2042.8
1.0,62.2977,3093.7,860.0,2233.7
75.0,62.2977,4344.2,2538.44,1805.76
79.0,62.2977,3493.1,540.0,2953.1
21.0,76.0947,7264.5,990.0,6274.5
33.0,76.0947,5337.3,1600.0,3737.3
61.0,85.2776,5534.2,4247.25,1286.95
53.0,53.2735,4021.9,670.0,3351.9
110.0,53.2735,3759.4,990.0,2769.4
20.0,60.6809,7639.9,2520.0,5119.9
62.0,51.8721,2515.0,2580.0,-65.0
100.0,72.7636,4750.6,2700.0,2050.6
51.99999999999999,81.4488,3578.0,1800.0,1778.0
51.99999999999999,81.4488,3578.0,2478.48,1099.52
130.0,97.4924,3019.6,2900.0,119.6
170.0,97.4924,3304.1,2390.0,914.1
150.0,87.6515,3632.6,1590.0,2042.6
59.0,87.6515,2940.5,1950.0,990.5
13.999999999999998,68.9982,6884.4,2260.0,4624.4
48.0,83.9919,3276.1,2640.0,636.1
29.999999999999996,57.7299,4320.1,2420.0,1900.1
13.999999999999998,60.8678,8784.5,2430.0,6354.5
66.0,77.0536,3418.6,2508.46,910.141
66.0,51.2864,3418.6,700.0,2718.6
32.0,51.2864,6088.9,1350.0,4738.9
36.0,51.2864,4851.7,1530.0,3321.7
12.999999999999998,48.843,7786.9,3887.5,3899.4
82.0,48.843,3495.4,2090.0,1405.4
78.0,95.7912,3041.2,240.0,2801.2
35.0,82.6334,3416.7,1540.0,1876.7
40.0,82.6334,3347.5,2110.0,1237.5
190.0,69.8041,2243.7,580.0,1663.7
190.0,78.6244,2243.7,770.0,1473.7
63.0,78.3096,3881.0,1870.0,2011.0
66.0,75.8011,2744.3,940.0,1804.3
66.0,81.5556,2744.3,650.0,2094.3
33.0,81.5556,3412.8,2778.27,634.528
33.0,69.2477,3412.8,1790.0,1622.8
57.0,88.9821,2682.5,1210.0,1472.5
57.0,88.9821,3608.8,850.0,2758.8
63.0,88.9821,5022.0,2430.0,2592.0
68.0,69.7336,4875.6,2838.23,2037.37
59.0,73.1354,3191.3,1270.0,1921.3
69.0,79.2078,3121.5,1270.0,1851.5
19.0,80.3916,6259.0,1520.0,4739.0
19.0,80.3916,7062.7,2770.0,4292.7
32.0,71.7306,4957.8,2410.0,2547.8
43.0,47.8049,3056.8,1330.0,1726.8
42.0,65.3395,3483.4,3227.96,255.439
110.0,65.3395,5699.5,740.0,4959.5
42.0,74.3967,6083.3,340.0,5743.3
39.0,74.3967,6248.4,900.0,5348.4
1.0,74.3967,38.4,4696.94,-4658.54
13.999999999999998,63.8958,6741.5,2118.73,4622.77
23.0,74.5874,2918.1,690.0,2228.1
72.0,91.8419,198.7,2610.0,-2411.3
16.0,91.8419,5458.5,680.0,4778.5
45.0,91.8419,2093.4,1410.0,683.4
49.0,70.7444,3191.8,1800.0,1391.8
42.0,94.1795,5020.4,1610.0,3410.4
16.0,66.2551,7194.7,3707.63,3487.07
29.0,74.6188,3844.3,1560.0,2284.3
59.0,48.0379,23.6,4427.13,-4403.53
24.0,41.8498,6762.6,1690.0,5072.6
22.0,41.8498,8418.4,5266.55,3151.85
55.0,41.8498,3644.6,540.0,3104.6
58.0,53.9715,3457.8,1880.0,1577.8
150.0,53.9715,2948.9,840.0,2108.9
24.0,63.4627,5045.0,2510.0,2535.0
61.0,68.4999,2868.2,1430.0,1438.2
1.0,41.824,12674.6,2898.19,9776.41
32.0,42.0898,3909.5,1140.0,2769.5
17.0,42.0898,6460.2,2350.0,4110.2
16.0,42.0898,6485.0,5416.45,1068.55
27.0,77.8069,2686.5,1630.0,1056.5
27.0,77.8069,2686.5,2748.29,-61.7927
37.0,93.0449,3702.4,520.0,3182.4
27.0,73.0679,6241.9,880.0,5361.9
88.0,75.8913,3340.5,1880.0,1460.5
46.0,80.0066,3467.7,1560.0,1907.7
25.999999999999996,82.4576,5668.1,1230.0,4438.1
36.0,82.4576,5349.0,1160.0,4189.0
25.999999999999996,82.4576,6705.7,240.0,6465.7
40.0,82.4576,6513.2,210.0,6303.2
27.999999999999996,83.4929,6253.4,560.0,5693.4
200.0,83.4929,44.9,6735.53,-6690.63
29.0,70.9008,4442.2,4577.03,-134.827
18.0,70.9008,5839.2,290.0,5549.2
17.0,70.9008,5867.2,410.0,5457.2
17.0,70.9008,5867.2,4577.03,1290.17
94.0001,77.3933,2438.3,1180.0,1258.3
59.99999999999999,49.9052,3557.3,890.0,2667.3
94.0001,98.7678,2438.3,2840.0,-401.7
86.0,81.9076,5256.5,3887.5,1369.0
86.0,82.0127,5256.5,370.0,4886.5
27.0,87.1976,7634.0,2930.0,4704.0
98.0001,87.1976,4270.6,1848.92,2421.68
74.0,87.1976,3020.2,1130.0,1890.2
36.0,79.227,5891.0,2208.67,3682.33
119.99999999999999,68.8305,2888.1,960.0,1928.1
18.0,79.7543,8238.9,330.0,7908.9
1.0,79.7543,42.9,2500.0,-2457.1
16.0,52.1641,6967.4,2730.0,4237.4
70.0,52.1641,2249.2,1010.0,1239.2
70.0,52.1641,2249.2,970.0,1279.2
33.0,52.1641,6699.2,2430.0,4269.2
59.99999999999999,78.8322,2847.9,2380.0,467.9
91.0001,78.8322,3217.6,1250.0,1967.6
150.0,75.8279,4519.0,2290.0,2229.0
92.0001,82.307,3071.9,1170.0,1901.9
54.0,82.307,3789.2,2598.4,1190.8
90.0001,80.645,3082.8,3557.73,-474.932
24.0,80.645,6349.4,5656.28,693.121
119.99999999999999,80.645,25.4,2710.0,-2684.6
119.99999999999999,93.709,25.4,2720.0,-2694.6
110.0,93.709,3673.0,40.0,3633.0
47.0,82.4214,3617.5,2688.33,929.166
25.0,70.9178,5909.1,2270.0,3639.1
119.99999999999999,70.9178,2844.6,2090.0,754.6
78.0,81.5561,3974.4,530.0,3444.4
99.00009999999999,81.5561,3126.8,2210.0,916.8
99.00009999999999,81.5561,3126.8,1010.0,2116.8
99.00009999999999,81.5561,3126.8,1740.0,1386.8
42.0,89.8559,5364.8,1410.0,3954.8
21.0,89.8559,6388.4,4906.8,1481.6
32.0,82.7478,6631.5,1020.0,5611.5
50.0,92.3145,3082.7,1670.0,1412.7
110.0,75.6987,5781.0,1070.0,4711.0
1.0,53.672,4828.6,2990.0,1838.6
18.0,69.0642,6275.2,1120.0,5155.2
62.0,69.0642,5985.6,2118.73,3866.87
49.0,69.1137,5072.3,3407.84,1664.46
49.0,69.1314,5072.3,2478.48,2593.82
49.0,69.1314,5072.3,2628.38,2443.92
80.0,70.5888,3583.8,1760.0,1823.8
10.0,57.564,5337.9,1150.0,4187.9
55.0,42.0065,4536.5,2740.0,1796.5
130.0,77.1044,5017.7,260.015,4757.69
13.999999999999998,58.1057,8486.7,260.015,8226.68
119.99999999999999,64.8972,2682.9,nan,nan
59.99999999999999,59.9098,3769.6,1260.0,2509.6
40.0,59.9098,4812.6,1070.0,3742.6
38.0,74.8242,6644.8,270.0,6374.8
89.0,74.8242,2058.1,1280.0,778.1
44.0,74.8242,2974.4,1200.0,1774.4
98.0001,81.6742,3011.0,330.0,2681.0
150.0,81.6742,2785.0,2400.0,385.0
37.0,63.3363,3173.6,2778.27,395.328
29.999999999999996,63.3363,3989.9,2320.0,1669.9
38.0,63.3557,5038.0,460.0,4578.0
38.0,43.881,5038.0,570.0,4468.0
73.0,63.0234,4629.4,410.0,4219.4
66.0,51.6109,4184.2,960.0,3224.2
59.0,51.6109,4559.1,640.0,3919.1
43.0,51.6109,3443.7,1810.0,1633.7
46.0,67.528,3399.8,2320.0,1079.8
55.0,67.528,3268.4,850.0,2418.4
59.99999999999999,70.1972,3157.3,1170.0,1987.3
35.0,70.1873,3304.8,859.6,2445.2
19.0,93.6791,6152.0,980.0,5172.0
20.0,93.6791,5977.5,1330.0,4647.5
17.0,74.361,6581.9,3340.0,3241.9
57.0,83.7353,4046.2,450.0,3596.2
14.999999999999998,61.164,7351.6,1140.0,6211.6
110.0,61.164,3007.0,1470.0,1537.0
38.0,61.164,4431.8,1420.0,3011.8
13.999999999999998,64.7419,8290.1,1810.0,6480.1
55.99999999999999,93.3341,3395.4,2500.0,895.4
58.0,81.9755,1471.6,780.0,691.6
86.0,81.9755,3000.7,1080.0,1920.7
86.0,66.2291,3000.7,1930.0,1070.7
86.0,66.2291,3000.7,2060.0,940.7
62.0,66.2291,3237.9,750.0,2487.9
59.99999999999999,56.5776,4330.4,1000.0,3330.4
71.0,56.5776,2499.5,1020.0,1479.5
62.0,76.8395,3237.9,1420.0,1817.9
34.0,76.8395,6719.1,4037.4,2681.7
22.0,57.1456,6335.5,2298.6,4036.9
54.0,57.1456,4564.1,2320.0,2244.1
12.0,57.1456,7855.4,3827.55,4027.85
24.0,50.2224,4841.4,5296.53,-455.128
44.0,50.2224,4048.4,1030.0,3018.4
49.0,50.2224,2458.7,2660.0,-201.3
10.0,61.2249,6344.5,430.0,5914.5
32.0,54.2799,3110.2,1560.0,1550.2
27.0,42.7704,3130.3,680.0,2450.3
27.999999999999996,42.7704,3106.6,1730.0,1376.6
27.0,71.1336,3130.3,930.0,2200.3
27.0,71.1336,3130.3,1210.0,1920.3
23.0,71.1336,2912.5,2810.0,102.5
16.0,71.1336,4115.7,1450.0,2665.7
16.0,69.7795,4115.7,1430.0,2685.7
31.0,48.6009,4899.7,2340.0,2559.7
33.0,47.5902,2955.8,1110.0,1845.8
25.999999999999996,47.5902,4554.8,1500.0,3054.8
59.0,47.5902,3965.1,1670.0,2295.1
58.0,53.5786,3979.2,1290.0,2689.2
58.0,86.9959,3979.2,1020.0,2959.2
37.0,58.7664,3704.8,830.0,2874.8
45.0,58.7664,3402.8,2778.27,624.528
45.0,53.5652,3402.8,2400.0,1002.8
54.0,56.3733,4324.9,1609.08,2715.82
45.0,45.4552,4669.0,2568.42,2100.58
45.0,71.3235,4669.0,2928.17,1740.83
34.0,32.9906,3273.4,1290.0,1983.4
65.0,32.9906,6444.4,4427.13,2017.27
40.0,32.9906,5499.0,830.0,4669.0
54.0,65.0257,5017.0,1690.0,3327.0
20.0,65.0257,7320.3,4337.19,2983.11
1.0,59.2659,2468.3,990.0,1478.3
110.0,92.8945,2474.5,1480.0,994.5
65.0,58.0807,3348.0,2500.0,848.0
18.0,52.4481,6060.6,2988.13,3072.47
80.0,54.8236,3038.5,1170.0,1868.5
70.0,54.8236,3169.8,2420.0,749.8
20.0,47.2376,5890.0,1210.0,4680.0
43.0,47.2376,4995.1,1210.0,3785.1
25.999999999999996,47.2376,5538.0,3587.71,1950.29
50.0,28.371,2941.5,980.0,1961.5
45.0,40.2172,3210.8,1200.0,2010.8
35.0,40.2172,4011.9,1850.0,2161.9
43.0,80.0673,4355.2,2680.0,1675.2
51.00000000000001,80.0673,3320.5,2058.77,1261.73
51.00000000000001,80.0673,3320.5,2600.0,720.5
61.0,80.0673,3921.8,2530.0,1391.8
59.0,70.1079,4000.4,2700.0,1300.4
61.0,59.2242,3921.8,2388.54,1533.26
47.0,50.1555,3472.0,2020.0,1452.0
21.0,89.6257,5575.7,2300.0,3275.7
59.0,85.1522,3440.0,1210.0,2230.0
41.0,85.1522,4828.9,1910.0,2918.9
19.0,67.5827,6172.6,1940.0,4232.6
160.0,41.6668,2642.9,4457.11,-1814.21
70.0,56.6651,4139.5,1600.0,2539.5
23.0,47.1928,6814.1,840.0,5974.1
17.0,35.5064,6302.9,4247.25,2055.65
19.0,19.1403,1794.0,1420.0,374.0
32.0,19.1403,7336.1,1050.0,6286.1
12.0,19.1403,5660.5,2928.17,2732.33
25.0,92.5585,5583.2,1340.0,4243.2
29.999999999999996,92.5585,3583.1,2670.0,913.1
63.0,28.0726,5605.6,2838.23,2767.37
20.0,28.0726,3602.1,1090.0,2512.1
47.0,28.0726,3602.1,1020.0,2582.1
47.0,41.9946,3602.1,2480.0,1122.1
47.0,0.067081,2489.9,930.0,1559.9
110.0,0.067081,2489.9,1030.0,1459.9
110.0,51.5377,4525.2,830.0,3695.2
38.0,51.5377,5629.4,2898.19,2731.21
22.0,51.5377,5629.4,3347.88,2281.52
22.0,51.5377,3131.6,920.0,2211.6
59.99999999999999,51.5377,3426.1,1180.0,2246.1
45.0,88.6045,8090.4,1820.0,6270.4
9.0,88.6045,3338.1,1480.0,1858.1
21.0,24.4446,4057.6,2480.0,1577.6
29.999999999999996,45.8278,4820.2,2110.0,2710.2
51.00000000000001,33.4734,5726.9,1470.0,4256.9
24.0,33.4734,7104.5,1140.0,5964.5
13.999999999999998,44.6723,4101.7,1180.0,2921.7
75.0,44.6723,6873.3,4786.88,2086.42
17.0,28.8637,4836.5,4607.01,229.494
34.0,26.5996,6553.7,1970.0,4583.7
13.999999999999998,26.5996,3144.7,1710.0,1434.7
54.0,37.6726,3470.6,2590.0,880.6
43.0,37.6726,4752.3,1440.0,3312.3
27.999999999999996,51.0014,3674.0,2330.0,1344.0
48.0,51.0014,4423.0,2410.0,2013.0
44.0,52.6162,2556.4,1330.0,1226.4
42.0,48.2942,2556.4,1339.27,1217.13
42.0,48.2942,4589.8,1270.0,3319.8
25.999999999999996,48.2942,3130.2,1410.0,1720.2
95.0001,48.2942,4266.6,1400.0,2866.6
29.0,48.2942,58.2,1590.0,-1531.8
95.0001,48.2942,5253.5,1390.0,3863.5
21.0,28.2226,4325.5,1550.0,2775.5
55.0,28.2226,5189.5,2230.0,2959.5
22.0,28.2226,4789.0,2470.0,2319.0
33.0,28.2226,3405.9,2180.0,1225.9
73.0,27.9457,3405.9,2448.5,957.4
73.0,28.6283,3465.8,2268.62,1197.18
59.0,46.3768,3495.4,790.0,2705.4
55.0,67.007,3581.0,810.0,2771.0
49.0,25.8996,3581.0,820.0,2761.0
49.0,25.8996,3130.9,2140.0,990.9
110.0,25.8996,3364.4,1420.0,1944.4
38.0,25.8996,3387.5,1770.0,1617.5
37.0,25.8996,4374.6,1860.0,2514.6
31.0,25.8996,3461.6,2390.0,1071.6
66.0,25.8996,7350.7,3647.67,3703.03
9.0,26.8301,3128.2,2630.0,498.2
29.0,15.6979,2554.9,1290.0,1264.9
68.0,15.6979,2911.7,1730.0,1181.7
12.999999999999998,14.5661,2911.7,1640.0,1271.7
12.999999999999998,14.5661,2911.7,1880.0,1031.7
12.999999999999998,14.8463,2911.7,2750.0,161.7
12.999999999999998,48.0771,2911.7,2200.0,711.7
12.999999999999998,48.0771,2911.7,2250.0,661.7
12.999999999999998,78.0454,2911.7,1950.0,961.7
12.999999999999998,78.0454,4164.6,1950.0,2214.6
25.0,78.0454,4871.7,1490.0,3381.7
6.0,78.0454,4871.7,2920.0,1951.7
6.0,49.795,4754.6,2988.13,1766.47
11.0,49.795,13429.8,3497.77,9932.03
1.0,49.795,5495.4,1730.0,3765.4
13.999999999999998,78.3644,5382.7,4940.0,442.7
12.999999999999998,78.3644,7326.8,5010.0,2316.8
6.999999999999999,78.3644,8235.3,1190.0,7045.3
8.0,65.1201,3980.6,2478.48,1502.12
19.0,45.3719,3386.2,2200.0,1186.2
27.0,18.1801,3267.8,1900.0,1367.8
29.0,7.29252,3714.9,2040.0,1674.9
18.0,7.29252,3123.7,1770.0,1353.7
71.0,7.29252,3714.9,2540.0,1174.9
18.0,7.29252,4155.6,590.0,3565.6
44.0,7.29252,3857.5,2208.67,1648.83
70.0,35.2939,4426.4,500.0,3926.4
31.0,7.33721,4426.4,2210.0,2216.4
31.0,30.7111,2904.7,2660.0,244.7
110.0,33.9296,4943.5,1260.0,3683.5
23.0,16.3148,3659.0,1510.0,2149.0
48.0,10.8072,5128.3,2190.0,2938.3
16.0,10.8072,2707.7,1460.0,1247.7
88.0,10.0035,4915.3,1070.0,3845.3
18.0,10.0035,3659.0,1340.0,2319.0
48.0,10.0035,4246.1,2150.0,2096.1
25.999999999999996,15.8045,6487.2,2450.0,4037.2
8.0,15.8045,3108.6,1090.0,2018.6
71.0,14.7228,3152.5,1050.0,2102.5
41.0,13.2983,4483.6,4846.84,-363.24
36.0,20.6028,2524.1,1370.0,1154.1
55.99999999999999,21.4639,4876.1,1340.0,3536.1
25.0,46.4038,4840.5,1400.0,3440.5
23.0,43.6092,4501.4,1340.0,3161.4
57.0,10.3522,4840.5,4187.3,653.204
23.0,10.3522,5087.4,1490.0,3597.4
18.0,26.0136,2073.9,1280.0,793.9
67.0,11.4056,5200.2,1410.0,3790.2
25.999999999999996,6.30953,61.6,1480.0,-1418.4
64.0,3.0,3412.3,2898.19,514.111
32.0,5.39943,5203.8,2268.62,2935.18
12.999999999999998,11.103,5565.3,2268.62,3296.68
24.0,11.103,5404.5,2860.0,2544.5
55.0,60.2338,4703.0,2280.0,2423.0
22.0,60.2338,3851.4,2580.0,1271.4
76.0,36.6363,5630.2,850.0,4780.2
11.0,36.6363,3981.3,2010.0,1971.3
25.999999999999996,25.8729,3503.5,2670.0,833.5
27.0,34.1141,7313.0,1938.85,5374.15
8.0,23.2005,5129.8,1710.0,3419.8
23.0,10.0255,3249.2,1590.0,1659.2
63.0,10.0255,5070.8,1820.0,3250.8
35.0,5.74906,4274.3,2080.0,2194.3
44.0,5.74906,3709.9,3557.73,152.168
87.0,5.74906,3630.0,2430.0,1200.0
66.0,5.74906,3630.0,2330.0,1300.0
66.0,11.2855,4987.3,910.0,4077.3
41.0,11.2855,4554.6,4127.34,427.262
50.0,9.62769,5390.0,4636.99,753.015
17.0,6.58071,2665.6,1650.0,1015.6
40.0,18.4302,2665.6,1880.0,785.6
40.0,8.62463,3044.8,1520.0,1524.8
95.0001,23.9701,3858.0,2850.0,1008.0
25.999999999999996,10.7273,4301.3,1610.0,2691.3
20.0,17.0009,3794.0,1610.0,2184.0
29.0,20.8692,5356.0,1500.0,3856.0
16.0,20.8692,7005.0,3347.88,3657.12
9.0,10.2119,3037.8,2440.0,597.8
170.0,23.569,2726.1,2110.0,616.1
170.0,44.8999,5755.3,3437.82,2317.48
12.0,39.6372,5537.2,4607.01,930.194
14.999999999999998,51.6067,8655.6,1670.0,6985.6
11.0,51.6067,4886.0,2590.0,2296.0
33.0,66.9828,3600.0,1500.0,2100.0
31.0,26.4055,4357.6,1670.0,2687.6
19.0,26.4055,4540.1,2808.25,1731.85
18.0,7.24084,4456.8,1570.0,2886.8
44.0,7.24084,4256.6,1700.0,2556.6
46.0,7.24084,8420.9,1340.0,7080.9
16.0,25.8173,3240.9,1330.0,1910.9
40.0,25.8173,5683.1,2010.0,3673.1
13.999999999999998,25.8173,5649.7,3617.69,2032.01
43.0,26.9834,3338.0,3947.46,-609.462
34.0,36.7086,3108.2,1800.0,1308.2
38.0,20.2708,4090.9,2898.19,1192.71
27.0,20.2708,3371.1,1960.0,1411.1
55.99999999999999,16.1483,3547.4,2598.4,949.003
41.0,25.4302,4817.9,660.0,4157.9
27.999999999999996,24.4931,5499.2,420.0,5079.2
23.0,74.139,5499.2,630.0,4869.2
23.0,66.2701,2776.1,1900.0,876.1
36.0,62.6999,2776.1,590.0,2186.1
36.0,81.2721,3347.4,2320.0,1027.4
59.0,81.2721,5878.2,1290.0,4588.2
20.0,61.3493,5878.2,2310.0,3568.2
20.0,68.4742,4769.1,2868.21,1900.89
55.0,80.0553,3667.6,3168.0,499.598
59.99999999999999,83.277,3806.4,2220.0,1586.4
35.0,73.3692,4840.3,2358.56,2481.74
55.99999999999999,73.3692,6200.0,1380.0,4820.0
18.0,26.0327,6818.1,4577.03,2241.07
50.0,38.6258,7745.9,1840.0,5905.9
22.0,55.3384,4088.1,4906.8,-818.698
73.0,72.3552,3345.2,3257.94,87.2603
98.0001,22.8016,3661.4,2530.0,1131.4
57.0,41.1909,3814.9,1670.0,2144.9
46.0,67.5379,4029.6,1450.0,2579.6
38.0,59.1757,4154.4,990.0,3164.4
27.999999999999996,53.7699,3245.4,2070.0,1175.4
57.0,24.9069,5241.9,3737.61,1504.29
38.0,24.9069,6354.2,1240.0,5114.2
9.0,60.2918,3737.9,1450.0,2287.9
35.0,60.2918,3034.8,1920.0,1114.8
29.0,60.2918,2852.5,2060.0,792.5
9.0,60.2918,5845.1,1920.0,3925.1
35.0,17.9726,7739.3,1110.0,6629.3
20.0,26.8949,4716.7,3168.0,1548.7
46.0,57.9016,3364.8,2060.0,1304.8
67.0,57.9016,4031.4,1460.0,2571.4
